{
    "OKAJ": [
        [28.92367844294511, 47.80055957130855, 122],
        [28.92350047916441, 47.80017662135676, 122],
        [28.947189286246978, 47.78553755710677, 124], 
        [28.947368528192076, 47.78593008804035,  124]
        ],

    "HESH": [
        [27.98596986426162, 34.407394411717476, 40],
        [27.98625053804853, 34.407053771192466, 40],
        [27.965650537937787, 34.3861958537082, 40], 
        [27.96593164332042, 34.38585413913081,  40]
        ],

   
    "VRMR": [
        [-0.31085853335124936, 73.43764641974383, 5],
        [-0.31113744475587723, 73.43755503659143, 6],
        [-0.3081202059050541, 73.42824029421625, 8], 
        [-0.30785735322433005, 73.42832947766057,  11]
        ],

    "VNLK": [
        [27.685703889477296, 86.72725296892922, 2787],
        [27.685525161420095, 86.72735690452221, 2784],
        [27.68790136423547, 86.73194981478208, 2862], 
        [27.688148371646964, 86.73178284728077,  2863]
        ],
    "RJTT": [
        [35.54267883420136, 139.80341958794935, -2],
        [35.54241912019303, 139.80281877316654, -3],
        [35.562951478144456, 139.7890335624021, 4], 
        [35.56267641016657, 139.78845054713784, 4]
        ],

    "BGJN": [
        [68.72253644761186, -52.77501556607726, 1],
        [68.72281036949212, -52.77517488115598, 1],
        [68.7210837557388, -52.79434965168843, 1], 
        [68.7213705190193, -52.79451561850331, 1]
        ],
    "BGMQ": [
        [65.41051707222478, -52.9324050908473, 8],
        [65.41029943096171, -52.932816809905, 8],
        [65.4145401019481, -52.94630910304659, 17], 
        [65.4147544237899, -52.94588487269573, 20]
        ]
}