{
    "KBHM": [
        [
            33.57139246372134, -86.7423146755958,
            194.0
        ],
        [
            33.571732154120575, -86.74259295477306,
            194.0
        ],
        [
            33.55466183628671, -86.77136848823295,
            183.0
        ],
        [
            33.55500215131281, -86.77164810850958,
            183.0
        ]
    ],
    "KDHN": [
        [
            31.313988210340927, -85.44260808614573,
            116.0
        ],
        [
            31.314287440257843, -85.44226098850133,
            116.0
        ],
        [
            31.33072150515675, -85.46143557941595,
            122.0
        ],
        [
            31.330427685852694, -85.46178110646308,
            122.0
        ]
    ],
    "PANC": [
        [
            61.17175023130397, -149.99933117752542,
            37.0
        ],
        [
            61.171855507031296, -149.99849068671548,
            37.0
        ],
        [
            61.199464615064144, -150.01394543855955,
            46.0
        ],
        [
            61.19935921557555, -150.0147822972323,
            46.0
        ]
    ],
    "KPHX": [
        [
            33.44061942184858, -111.99221436586825,
            345.0
        ],
        [
            33.44103740266235, -111.99221101310224,
            345.0
        ],
        [
            33.44107305432107, -112.02679915501778,
            338.0

        ],
        [
            33.44065459408981, -112.02679934141867,
            338.0
        ]
    ],
    "KLAX": [
        [
            33.93708386385241, -118.38275070562221,
            27.0
        ],
        [
            33.937636292214066, -118.38283184243778,
            27.0
        ],
        [
            33.93393805642958, -118.4190258163831,
            34.0

        ],
        [
            33.9333852215925, -118.41893987713435,
            34.0
        ]
    ],
    "UBBB": [
        [
            40.49086585914795, 50.03007783548988,
            0.2
        ],
        [
            40.49099253384497, 50.030769664272775,
            0.2
        ],
        [
            40.456029055791895, 50.04175523963785,
            -6.0

        ],
        [
            40.455902057703746, 50.04106506894018,
            -6.0
        ]
    ],
    "EGNX": [
        [
            52.83115285783852, -1.30866226359812,
            84.0
        ],
        [
            52.83156149868529, -1.3086813511553568,
            85.0
            
        ],
        [
            52.83045935910356, -1.3468053603119174,
            91.0

        ],
        [
            52.830867550224426, -1.34682390877039,
            92.0
        ]
    ],
    "EDDB": [
        [
            52.35815696987477, 13.523245491808234 ,
            39.0
        ],
        [
            52.35866167442873, 13.522924539225572,
            39.0
            
        ],
        [
            52.345712964155574, 13.468353677621721,
            39.0

        ],
        [
            52.345206214938024, 13.468674187077148,
            39.0
        ]
    ],
    "LFPB": [
        [
            48.965061333758115, 2.424023781080623,
            44.0
        ],
        [
            48.964683447954926, 2.424258813402542,
            44.0
            
        ],
        [
            48.9707636349326, 2.4469315958879867,
            53.0

        ],
        [
            48.97114613028566, 2.4466959128824652,
            53.0
        ]
    ],
    "LEBL": [
        [
            41.305465422908135, 2.1038297479692325,
            0.0
        ],
        [
            41.305961569650606, 2.1035298375202807,
            0.0
            
        ],
        [
            41.29462661003893, 2.0721756695116644,
            0.0

        ],
        [
            41.29512177125474, 2.0718731481777186,
            0.0
        ]
    ]


}